2,11,1806440,,109,01/07/2026,18150749,001-001-0000238,3063000,0,0,3063000,1,N,S,N,N,N,,
2,11,3459346,,109,01/07/2026,14845212,001-001-0000064,3226000,0,0,3226000,1,N,S,N,N,N,,
2,11,3730423,,109,01/07/2026,18884056,001-001-0004087,6720,0,0,6720,2,N,S,N,N,N,,
2,11,4247802,,109,01/07/2026,18561526,001-001-0035874,200000,0,0,200000,1,N,S,N,N,N,,
2,11,3730423,,109,02/07/2026,18884056,001-001-0004228,134053,0,0,134053,2,N,S,N,N,N,,
2,11,4652033,,109,02/07/2026,18775062,001-001-0000006,3230000,0,0,3230000,1,N,S,N,N,N,,
2,11,80102572,,109,02/07/2026,18576433,002-002-0003536,0,1920240,0,1920240,2,N,S,N,N,N,,
2,11,3028850,,109,03/07/2026,18597296,001-001-0001042,30000,0,0,30000,1,N,S,N,N,N,,
2,11,4605890,,109,03/07/2026,18346576,001-001-0000218,18608000,0,0,18608000,1,N,S,N,N,N,,
2,11,5567109,,109,03/07/2026,18894636,001-001-0000079,1905000,0,0,1905000,1,N,S,N,N,N,,
2,11,80092058,,109,03/07/2026,18269875,001-001-0011262,1859500,0,0,1859500,2,N,S,N,N,N,,
2,11,3835768,,109,04/07/2026,18677155,001-001-0000583,4500000,0,0,4500000,1,N,S,N,N,N,,
2,11,4271219,,109,04/07/2026,18600409,001-001-0000133,4140000,0,0,4140000,1,N,S,N,N,N,,
2,11,2371569,,109,05/07/2026,18281177,001-001-0000368,700000,0,0,700000,1,N,S,N,N,N,,
2,11,2519492,,109,06/07/2026,18911980,001-001-0031252,34000,0,0,34000,1,N,S,N,N,N,,
2,11,3479294,,109,06/07/2026,16667875,001-001-0000012,500000,0,0,500000,1,N,S,N,N,N,,
2,11,3730423,,109,06/07/2026,18884056,001-001-0004609,12000,0,0,12000,2,N,S,N,N,N,,
2,11,3730423,,109,07/07/2026,18884056,001-001-0004862,187050,0,0,187050,2,N,S,N,N,N,,
2,11,3757309,,109,07/07/2026,18506682,001-001-0048630,0,120000,0,120000,1,N,S,N,N,N,,
2,11,3963352,,109,07/07/2026,18500860,001-001-0001394,114000,0,0,114000,2,N,S,N,N,N,,
2,11,4307666,,109,07/07/2026,18744708,001-001-0000349,3535000,0,0,3535000,1,N,S,N,N,N,,
2,11,5587294,,109,07/07/2026,18944600,001-001-0000077,3878500,0,0,3878500,1,N,S,N,N,N,,
2,11,5884607,,109,07/07/2026,17452925,001-001-0000074,5480000,0,0,5480000,1,N,S,N,N,N,,
2,11,7736572,,109,07/07/2026,14810564,001-001-0000257,18032000,0,0,18032000,1,N,S,N,N,N,,
2,11,80001446,,109,07/07/2026,16138305,005-001-0019025,0,3486158,0,3486158,1,N,S,N,N,N,,
2,11,80001696,,109,07/07/2026,17111418,019-002-0002611,1000000,0,0,1000000,2,N,S,N,N,N,,
2,11,3028850,,109,08/07/2026,18597296,001-001-0001049,30000,0,0,30000,1,N,S,N,N,N,,
2,11,4223544,,109,08/07/2026,18455253,001-001-0000164,1980000,0,0,1980000,1,N,S,N,N,N,,
2,11,3730423,,109,09/07/2026,18884056,001-001-0005215,57978,0,0,57978,2,N,S,N,N,N,,
2,11,3757309,,109,09/07/2026,18506682,001-001-0048653,0,120000,0,120000,1,N,S,N,N,N,,
2,11,3963352,,109,09/07/2026,18500860,001-002-0005560,691000,0,0,691000,2,N,S,N,N,N,,
2,11,80074991,,109,09/07/2026,16108979,006-001-0019978,0,756006,0,756006,1,N,S,N,N,N,,
2,11,2810638,,109,10/07/2026,18674748,001-001-0002415,0,427650,0,427650,1,N,S,N,N,N,,
2,11,2810638,,109,10/07/2026,18674748,001-001-0002417,40000,0,0,40000,1,N,S,N,N,N,,
2,11,3730423,,109,10/07/2026,18884056,001-001-0005375,15000,0,0,15000,2,N,S,N,N,N,,
2,11,3730423,,109,10/07/2026,18884056,001-001-0005376,32890,0,0,32890,2,N,S,N,N,N,,
2,11,3968817,,109,10/07/2026,18857380,001-001-0025765,165000,0,0,165000,1,N,S,N,N,N,,
2,11,5549459,,109,10/07/2026,18389084,001-001-0000561,2783000,0,0,2783000,1,N,S,N,N,N,,
2,11,80009735,,109,10/07/2026,16898854,001-068-6245848,3318271,0,0,3318271,2,N,S,N,N,N,,
2,11,80092058,,109,10/07/2026,17518109,001-001-0011511,1563000,180000,0,1743000,2,N,S,N,N,N,,
2,11,3981569,,109,11/07/2026,18776510,001-001-0000891,1600000,0,0,1600000,1,N,S,N,N,N,,
2,11,4228349,,109,11/07/2026,18619355,001-001-0000217,1690000,0,0,1690000,1,N,S,N,N,N,,
2,11,4344865,,109,11/07/2026,17610559,001-001-0000124,3530000,0,0,3530000,1,N,S,N,N,N,,
2,11,4345507,,109,11/07/2026,18203156,001-001-0000124,360000,0,0,360000,1,N,S,N,N,N,,
2,11,80092058,,109,11/07/2026,17518109,001-001-0011524,0,552000,0,552000,2,N,S,N,N,N,,
2,11,3757309,,109,13/07/2026,18506682,001-001-0048674,0,36301,0,36301,1,N,S,N,N,N,,
2,11,4190071,,109,13/07/2026,18168735,001-001-0000622,3000000,0,0,3000000,1,N,S,N,N,N,,
2,11,1244622,,109,14/07/2026,18914790,001-001-0000274,30000,0,0,30000,1,N,S,N,N,N,,
2,11,4636578,,109,14/07/2026,17002490,001-001-0000209,2045000,0,0,2045000,1,N,S,N,N,N,,
2,11,3757309,,109,15/07/2026,18506682,001-001-0048696,0,150984,0,150984,1,N,S,N,N,N,,
2,11,4636578,,109,15/07/2026,17002490,001-001-0000210,6350000,0,0,6350000,1,N,S,N,N,N,,
2,11,5328415,,109,15/07/2026,18951553,001-001-0003126,769000,0,0,769000,1,N,S,N,N,N,,
2,11,5856785,,109,15/07/2026,18795811,001-001-0002645,380000,0,0,380000,1,N,S,N,N,N,,
2,11,80017437,,109,15/07/2026,14958695,001-002-3018829,155760,0,0,155760,2,N,S,N,N,N,,
2,11,2598418,,109,16/07/2026,18527752,001-001-0000538,22311000,0,0,22311000,1,N,S,N,N,N,,
2,11,80092058,,109,16/07/2026,17518109,001-001-0011734,326500,276000,0,602500,2,N,S,N,N,N,,
2,11,80102572,,109,16/07/2026,18576433,001-002-0001544,165000,1600200,0,1765200,2,N,S,N,N,N,,
2,11,4256360,,109,17/07/2026,18591711,001-001-0000940,1120000,0,0,1120000,1,N,S,N,N,N,,
2,11,6236004,,109,17/07/2026,18292007,001-001-0000049,2000000,0,0,2000000,1,N,S,N,N,N,,
2,11,80009781,,109,17/07/2026,17521000,001-001-0000807,0,452000,0,452000,1,N,S,N,N,N,,
2,11,80074991,,109,17/07/2026,16108979,006-001-0020096,0,588000,0,588000,1,N,S,N,N,N,,
2,11,80086229,,109,18/07/2026,18463485,002-003-0011671,1161000,0,0,1161000,2,N,S,N,N,N,,
2,11,4196932,,109,20/07/2026,18978861,001-001-0073481,350000,369900,92500,812400,2,N,S,N,N,N,,
2,11,80019551,,109,20/07/2026,16368166,256-005-0003128,0,140250,0,140250,1,N,S,N,N,N,,
2,11,80051359,,109,20/07/2026,18258389,002-020-0010391,30000,0,0,30000,1,N,S,N,N,N,,
2,11,80092058,,109,20/07/2026,17518109,001-001-0011865,615000,298000,0,913000,2,N,S,N,N,N,,
2,11,5587294,,109,21/07/2026,18944600,001-001-0000079,4972000,0,0,4972000,1,N,S,N,N,N,,
2,11,80051359,,109,21/07/2026,18258389,002-020-0010448,30000,0,0,30000,1,N,S,N,N,N,,
2,11,9232416,,109,21/07/2026,18307930,001-001-0000019,7341000,0,0,7341000,1,N,S,N,N,N,,
2,11,9232416,,109,21/07/2026,18307930,001-001-0000020,10503000,0,0,10503000,1,N,S,N,N,N,,
2,11,80066547,,109,22/07/2026,18613539,001-002-0003113,5000000,0,0,5000000,1,N,S,N,N,N,,
2,11,3963352,,109,23/07/2026,18500860,001-002-0005801,546000,0,0,546000,2,N,S,N,N,N,,
2,11,4346220,,109,23/07/2026,18694907,001-001-0000011,175000,0,0,175000,1,N,S,N,N,N,,
2,11,5093676,,109,23/07/2026,18351002,001-001-0000202,600000,0,0,600000,1,N,S,N,N,N,,
2,11,80013884,,109,23/07/2026,13084766,001-002-4672557,2165336,0,0,2165336,2,N,S,N,N,N,,
2,11,80013884,,109,23/07/2026,13084766,001-004-3259368,7000,0,0,7000,1,N,S,N,N,N,,
2,11,80013884,,109,23/07/2026,13084766,001-004-3259370,733,0,0,733,1,N,S,N,N,N,,
2,11,2984401,,109,24/07/2026,18533809,001-001-0000028,1220000,0,0,1220000,1,N,S,N,N,N,,
2,11,4114062,,109,24/07/2026,18537792,001-001-0000032,6997500,0,0,6997500,1,N,S,N,N,N,,
2,11,80074991,,109,24/07/2026,16108979,006-001-0020205,0,420000,0,420000,1,N,S,N,N,N,,
2,11,80092058,,109,24/07/2026,17518109,001-001-0012053,372000,456000,0,828000,2,N,S,N,N,N,,
2,11,2319430,,109,25/07/2026,18774756,001-001-0000445,1500000,0,0,1500000,1,N,S,N,N,N,,
2,11,5141782,,109,25/07/2026,16973024,001-001-0000030,885000,0,0,885000,1,N,S,N,N,N,,
2,11,3757309,,109,27/07/2026,18506682,001-001-0048814,0,120000,0,120000,1,N,S,N,N,N,,
2,11,4701699,,109,27/07/2026,18852772,001-001-0000004,6660000,0,0,6660000,1,N,S,N,N,N,,
2,11,4738331,,109,27/07/2026,18825021,001-001-0002534,80000,0,0,80000,1,N,S,N,N,N,,
2,11,5454641,,109,27/07/2026,18184046,001-001-0000423,1000000,0,0,1000000,1,N,S,N,N,N,,
2,11,5869440,,109,27/07/2026,18426449,001-002-0000777,2029000,0,0,2029000,1,N,S,N,N,N,,
2,11,3730423,,109,28/07/2026,18884056,001-001-0007557,26819,0,0,26819,2,N,S,N,N,N,,
2,11,5505213,,109,28/07/2026,18770675,001-001-0000368,5000000,0,0,5000000,1,N,S,N,N,N,,
2,11,80001446,,109,28/07/2026,16138305,005-001-0019384,0,3913822,0,3913822,1,N,S,N,N,N,,
2,11,2664710,,109,29/07/2026,18663417,001-001-0000642,7000000,0,0,7000000,1,N,S,N,N,N,,
2,11,4636578,,109,29/07/2026,17002490,001-001-0000214,1960000,0,0,1960000,1,N,S,N,N,N,,
2,11,4652033,,109,29/07/2026,18775062,001-001-0000007,2140000,0,0,2140000,1,N,S,N,N,N,,
2,11,4701699,,109,29/07/2026,18852772,001-001-0000005,2330000,0,0,2330000,1,N,S,N,N,N,,
2,11,3459346,,109,30/07/2026,14845212,001-001-0000065,12070500,0,0,12070500,1,N,S,N,N,N,,
2,11,3659057,,109,30/07/2026,18488739,001-001-0000010,5800000,0,0,5800000,1,N,S,N,N,N,,
2,11,4271219,,109,30/07/2026,18600409,001-001-0000134,2140000,0,0,2140000,1,N,S,N,N,N,,
2,11,5587294,,109,30/07/2026,18944600,001-001-0000080,2400000,0,0,2400000,1,N,S,N,N,N,,
2,11,80080610,,109,30/07/2026,14207399,001-006-0005982,500000,0,0,500000,1,N,S,N,N,N,,
2,11,80102572,,109,30/07/2026,18576433,001-002-0001608,0,1920240,0,1920240,2,N,S,N,N,N,,
2,11,1806440,,109,31/07/2026,18150749,001-001-0000246,4470000,0,0,4470000,1,N,S,N,N,N,,
2,11,2810638,,109,31/07/2026,18674748,001-001-0002686,0,216000,0,216000,1,N,S,N,N,N,,
2,11,3001251,,109,31/07/2026,11235016,001-003-0001565,3850000,0,0,3850000,1,N,S,N,N,N,,
2,11,3730423,,109,31/07/2026,18884056,001-001-0007929,14000,0,0,14000,1,N,S,N,N,N,,
2,11,4588403,,109,31/07/2026,14022842,001-001-0000214,810000,0,0,810000,1,N,S,N,N,N,,
2,11,4952945,,109,31/07/2026,18656987,001-001-0000324,2353000,0,0,2353000,1,N,S,N,N,N,,
2,11,80013884,,109,31/07/2026,13084766,001-003-2589270,576818,0,0,576818,1,N,S,N,N,N,,
2,11,80066943,,109,31/07/2026,18514972,001-001-0005030,45000,0,0,45000,1,N,S,N,N,N,,
2,11,80092058,,109,31/07/2026,18269875,001-001-0012301,1056500,414000,0,1470500,2,N,S,N,N,N,,
2,11,8675687,,109,31/07/2026,18530106,001-001-0000064,2080000,0,0,2080000,1,N,S,N,N,N,,
