numero_cuenta,codigo_legacy,nombre,cuenta_madre,imputable,naturaleza
00-000-000-000-000-000,649,05-013-001-008-014-000,05-013-001-008-000-000,S,D
01-000-000-000-000-000,1,ACTIVO,01-000-000-000-000-000,N,D
01-001-000-000-000-000,2,ACTIVO CORRIENTE,01-000-000-000-000-000,N,D
01-001-001-000-000-000,3,DISPONIBILIDADES,01-001-000-000-000-000,N,D
01-001-001-001-000-000,4,CAJA,01-001-001-000-000-000,N,D
01-001-001-001-001-000,5,Caja,01-001-001-001-000-000,S,D
01-001-001-001-002-000,6,caja USD,01-001-001-001-000-000,S,D
01-001-001-002-000-000,7,RECAUDACIONES A DEPOSITAR,01-001-001-000-000-000,S,D
01-001-001-002-001-000,8,Recaud. a depositar,01-001-001-002-000-000,S,D
01-001-001-003-000-000,9,BANCOS,01-001-001-000-000-000,N,D
01-001-001-003-001-000,10,Banco Atlas Cta. Cte. Gs. 1094885,01-001-001-003-000-000,S,D
01-001-001-003-002-000,11,Banco Atlas Cta. Cte. Gs. 1562972,01-001-001-003-000-000,S,D
01-001-001-003-003-000,12,Banco Atlas Cta. Cte. Usd. 1562976,01-001-001-003-000-000,S,D
01-001-001-003-004-000,658,Banco Nacional de Fomento C.Ahorro 022-00-2222939,01-001-001-003-000-000,S,D
01-001-001-004-000-000,13,OTROS VALORES,01-001-001-000-000-000,N,D
01-001-001-004-001-000,14,Fondo Fijo,01-001-001-004-000-000,S,D
01-001-001-004-002-000,15,Fondos a Rendir,01-001-001-004-000-000,S,D
01-001-001-005-000-000,16,CHEQUES A VENCER,01-001-001-000-000-000,N,D
01-001-001-005-001-000,17,Cheques a Depositar Gs.,01-001-001-005-000-000,S,D
01-001-001-005-002-000,18,Cheques a Depositar USD,01-001-001-005-000-000,S,D
01-001-002-000-000-000,19,INVERSIONES TEMPORARIAS,01-001-000-000-000-000,N,D
01-001-003-000-000-000,20,CREDITOS,01-001-000-000-000-000,N,D
01-001-003-001-000-000,21,CLIENTES LOCALES,01-001-003-000-000-000,N,D
01-001-003-001-001-000,22,Clientes Gs.,01-001-003-001-000-000,S,D
01-001-003-001-002-000,23,Clientes USD,01-001-003-001-000-000,S,D
01-001-003-001-003-000,24,Alquileres a Cobrar,01-001-003-001-000-000,S,D
01-001-003-002-000-000,25,CLIENTES DEL EXTERIOR,01-001-003-000-000-000,N,D
01-001-003-002-001-000,26,Clientes del Exterior USD,01-001-003-002-000-000,S,D
01-001-003-003-000-000,27,DOCUMENTOS A COBRAR,01-001-003-000-000-000,N,D
01-001-003-003-001-000,28,Documentos a Cobrar,01-001-003-003-000-000,S,D
01-001-003-010-000-000,29,(-) PREVISION INCOBRABLES,01-001-003-000-000-000,N,H
01-001-003-010-001-000,30,(-) Previsiones p/cta Incobrables,01-001-003-010-000-000,S,H
01-001-003-011-000-000,31,DEUDORES VARIOS,01-001-003-000-000-000,N,D
01-001-003-011-001-000,32,Deudores Varios,01-001-003-011-000-000,S,D
01-001-003-011-002-000,33,Dividendos a Cobrar,01-001-003-011-000-000,S,D
01-001-003-011-003-000,34,Creditos Varios,01-001-003-011-000-000,S,D
01-001-003-012-000-000,35,DOCUMENTOS/CTA A COBRAR DIRECTORES Y FUNCIONARIOS,01-001-003-000-000-000,N,D
01-001-003-012-001-000,36,Documentos a Cobrar a Directores y Funcionarios,01-001-003-012-000-000,S,D
01-001-003-012-002-000,37,Prestamos a socios,01-001-003-012-000-000,S,D
01-001-003-012-003-000,38,Prestamos a Empleados,01-001-003-012-000-000,S,D
01-001-003-012-004-000,39,Anticipo a Funcionarios,01-001-003-012-000-000,S,D
01-001-003-012-005-000,40,Antic. Sal. Vacaciones,01-001-003-012-000-000,S,D
01-001-003-012-006-000,41,Prestamos al Funcionario,01-001-003-012-000-000,S,D
01-001-003-012-007-000,42,Descuento Judicial - Funcionarios,01-001-003-012-000-000,S,D
01-001-004-000-000-000,43,OTROS CREDITOS,01-001-000-000-000-000,N,D
01-001-004-001-000-000,44,CREDITOS FISCALES,01-001-004-000-000-000,N,D
01-001-004-001-001-000,45,IVA Credito fiscal,01-001-004-001-000-000,S,D
01-001-004-001-003-000,46,Anticipo Imp. a la Renta,01-001-004-001-000-000,S,D
01-001-004-001-004-000,47,Anticipo Imp. a la Renta,01-001-004-001-000-000,S,D
01-001-004-001-005-000,48,Retencion IVA,01-001-004-001-000-000,S,D
01-001-004-001-006-000,49,Retenc. Imp. a la Renta,01-001-004-001-000-000,S,D
01-001-004-002-000-000,50,CUENTAS VARIAS A COBRAR,01-001-004-000-000-000,N,D
01-001-004-002-001-000,51,Alquileres a Cobrar,01-001-004-002-000-000,S,D
01-001-004-002-002-000,52,Interes a Cobrar,01-001-004-002-000-000,S,D
01-001-004-002-003-000,53,comisiones s/ ventas a cobrar,01-001-004-002-000-000,S,D
01-001-004-002-004-000,54,Cuota Aporte-Socio,01-001-004-002-000-000,S,D
01-001-004-002-005-000,55,Antic. Gast. Hipoteca,01-001-004-002-000-000,S,D
01-001-004-003-000-000,56,GARANTIAS,01-001-004-000-000-000,N,D
01-001-004-003-001-000,57,Garantia de Alquiler,01-001-004-003-000-000,S,D
01-001-010-000-000-000,58,INVENTARIOS,01-001-000-000-000-000,N,D
01-001-010-001-000-000,59,MERCADERIAS-PRODUCTOS TERMINADOS,01-001-010-000-000-000,N,D
01-001-010-001-001-000,60,Mercad. Gravadas 10%,01-001-010-001-000-000,S,D
01-001-010-001-002-000,61,Mercad. Gravadas 5%,01-001-010-001-000-000,S,D
01-001-010-001-003-000,62,Mercaderias Exentas,01-001-010-001-000-000,S,D
01-001-010-001-004-000,63,Medic. Gravadas 10%,01-001-010-001-000-000,S,D
01-001-010-001-006-000,64,Medic. Gravadas 5%,01-001-010-001-000-000,S,D
01-001-010-001-007-000,65,Mercad. Farmacia 10%,01-001-010-001-000-000,S,D
01-001-010-001-008-000,66,Mercad. Farmacia 5%,01-001-010-001-000-000,S,D
01-001-010-002-000-000,67,PRODUCTOS EN PROCESO,01-001-010-000-000-000,N,D
01-001-010-003-000-000,68,MATERIAS PRIMAS- MATERIALES,01-001-010-000-000-000,N,D
01-001-010-003-003-000,652,Insumos Medicos,01-001-010-003-000-000,S,D
01-001-010-003-004-000,651,"Materiales, Suministros y Respuestos",01-001-010-003-000-000,S,D
01-001-010-003-005-000,653,Utiles Hospitalarios,01-001-010-003-000-000,S,D
01-001-010-004-000-000,69,()-PREVISION P/ OBSOLESCENCIA,01-001-010-000-000-000,N,H
01-001-010-004-001-000,70,() -Prevision por Obsolescencia,01-001-010-004-000-000,S,H
01-001-015-000-000-000,71,ANTICIPOS,01-001-000-000-000-000,N,D
01-001-015-001-000-000,72,IMPORTACIONES EN CURSO,01-001-015-000-000-000,N,D
01-001-015-001-001-000,73,Importaciones en Curso,01-001-015-001-000-000,S,D
01-001-015-001-002-000,74,Mercaderias en Aduana,01-001-015-001-000-000,S,D
01-001-015-002-000-000,75,ANTICIPO - PROVEEDORES,01-001-015-000-000-000,N,D
01-001-015-002-001-000,76,Anticipo a Proveedores Locales,01-001-015-002-000-000,S,D
01-001-015-002-002-000,77,Anticipo a Proveedores Locales USD,01-001-015-002-000-000,S,D
01-001-015-002-003-000,78,Anticipo a Proveedores del Exterior USD,01-001-015-002-000-000,S,D
01-001-015-002-004-000,79,Anticipo a Acreedores Varios,01-001-015-002-000-000,S,D
01-001-015-002-005-000,80,Anticipo a Acreedores Varios USD,01-001-015-002-000-000,S,D
01-001-015-002-006-000,81,Anticipo a Acreedores del Exterior USD,01-001-015-002-000-000,S,D
01-001-015-002-007-000,82,Anticipo Com. Bancard,01-001-015-002-000-000,S,D
01-001-020-000-000-000,83,OTROS ACTIVOS,01-001-000-000-000-000,N,D
01-001-020-001-000-000,84,GASTOS A DEVENGAR,01-001-020-000-000-000,N,D
01-001-020-001-001-000,85,Alquileres Pagados por Adelantado,01-001-020-001-000-000,S,D
01-001-020-001-002-000,86,Seguros a Devengar,01-001-020-001-000-000,S,D
01-001-020-001-004-000,87,Gastos No Devengados,01-001-020-001-000-000,S,D
01-001-020-001-007-000,88,Intereses a Vencer- Prestamos,01-001-020-001-000-000,S,D
01-001-020-001-008-000,89,Intereses a Vencer- Prestamos USD,01-001-020-001-000-000,S,D
01-002-000-000-000-000,90,ACTIVOS NO CORRIENTE,01-000-000-000-000-000,N,D
01-002-001-000-000-000,91,CREDITOS NO CORRIENTE,01-002-000-000-000-000,N,D
01-002-001-001-000-000,92,ACCIONISTA,01-002-001-000-000-000,N,D
01-002-001-001-001-000,93,accionista,01-002-001-001-000-000,S,D
01-002-001-002-000-000,94,DOCUMENTOS A COBRAR DIRECTORES,01-002-001-000-000-000,N,D
01-002-001-002-001-000,95,Prestamos a Socios,01-002-001-002-000-000,S,D
01-002-001-003-000-000,96,DOCUMENTOS A COBRAR,01-002-001-000-000-000,N,D
01-002-001-003-001-000,97,Documentos Acobrar,01-002-001-003-000-000,S,D
01-002-001-004-000-000,98,DEUDORES VARIOS,01-002-001-000-000-000,N,D
01-002-001-004-001-000,99,Deudores varios,01-002-001-004-000-000,S,D
01-002-001-004-002-000,100,Intereses a Vencer,01-002-001-004-000-000,S,D
01-002-001-005-000-000,101,OTROS CREDITOS,01-002-001-000-000-000,N,D
01-002-001-005-001-000,102,Creditos en Gestios Judicial,01-002-001-005-000-000,S,D
01-002-001-009-000-000,103,()- PREVISION P/ INCOBRABLES,01-002-001-000-000-000,N,H
01-002-001-009-001-000,104,() - Prevision p/ Incobrables,01-002-001-009-000-000,S,H
01-002-010-000-000-000,105,"PROPIEDAD, PLANTA Y EQUIPO",01-002-000-000-000-000,N,D
01-002-010-001-000-000,106,BIENES EN OPERACIONES,01-002-010-000-000-000,N,D
01-002-010-001-001-000,107,MUEBLES Y UTILES,01-002-010-001-000-000,N,D
01-002-010-001-001-001,108,Muebles y Equipos,01-002-010-001-001-000,S,D
01-002-010-001-001-002,109,Utiles y Enseres,01-002-010-001-001-000,S,D
01-002-010-001-001-003,110,"Muebles, Utiles y Enseres",01-002-010-001-001-000,S,D
01-002-010-001-001-099,111,(-) Depreciacion Acumulada Muebles y Utiles,01-002-010-001-001-000,S,H
01-002-010-001-002-000,112,"MAQUINARIAS, HERRAMIENTAS Y EQUIPOS",01-002-010-001-000-000,N,D
01-002-010-001-002-001,113,Maquinarias e Implementos,01-002-010-001-002-000,S,D
01-002-010-001-002-002,114,Herramientas,01-002-010-001-002-000,S,D
01-002-010-001-002-003,115,Equipos de Informatica,01-002-010-001-002-000,S,D
01-002-010-001-002-004,116,Instalaciones,01-002-010-001-002-000,S,D
01-002-010-001-002-005,117,Equipos,01-002-010-001-002-000,S,D
01-002-010-001-002-006,118,Equipos de Oficina,01-002-010-001-002-000,S,D
01-002-010-001-002-007,119,Equipos de Seguridad,01-002-010-001-002-000,S,D
01-002-010-001-002-008,120,Equipos Sanatoriales,01-002-010-001-002-000,S,D
01-002-010-001-002-009,121,Equipos Sanatoriales GND,01-002-010-001-002-000,S,D
01-002-010-001-002-099,123,(-) Depreciacion Acumulada Maq. Herr. y Equipos,01-002-010-001-002-000,S,H
01-002-010-001-003-000,124,Transporte Terrestre,01-002-010-001-000-000,N,D
01-002-010-001-003-001,125,Rodados,01-002-010-001-003-000,S,D
01-002-010-001-003-002,126,Motocicletas,01-002-010-001-003-000,S,D
01-002-010-001-003-003,127,Restantes Bienes Rodados,01-002-010-001-003-000,S,D
01-002-010-001-003-099,655,(-) Depreciacion Acumulada Transporte,01-002-010-001-003-000,S,H
01-002-010-001-004-000,128,TRANSPORTE AEREO,01-002-010-001-000-000,N,D
01-002-010-001-004-001,129,Aviones,01-002-010-001-004-000,S,D
01-002-010-001-004-099,130,(-) Depreciacion Acumulada,01-002-010-001-004-000,S,H
01-002-010-001-005-000,131,TRASNPORTE MARITIMO Y FLUVIAL,01-002-010-001-000-000,N,D
01-002-010-001-005-001,132,Embarcaciones en General,01-002-010-001-005-000,S,D
01-002-010-001-006-000,133,TRANSPORTE FERROVIARIO,01-002-010-001-000-000,N,D
01-002-010-001-006-001,134,"Locomotora, vagones, Etc",01-002-010-001-006-000,S,D
01-002-010-001-007-000,135,INMUEBLES Y EDIFICIOS,01-002-010-001-000-000,N,D
01-002-010-001-007-001,136,Terreno en Escrituración,01-002-010-001-007-000,S,D
01-002-010-001-007-002,137,Inmuebles - Edificios,01-002-010-001-007-000,S,D
01-002-010-001-007-003,138,Inmuebles- Terreno Rural,01-002-010-001-007-000,S,D
01-002-010-001-007-004,139,Inmuebles- Edificio Rural,01-002-010-001-007-000,S,D
01-002-010-001-007-005,140,Construcciones o Mejoras por Terceros,01-002-010-001-007-000,S,D
01-002-010-001-007-006,141,Construcción en Predios Ajeno,01-002-010-001-007-000,S,D
01-002-010-001-007-007,142,Mejoras en Predio Ajeno,01-002-010-001-007-000,S,D
01-002-010-001-007-008,143,Obras en Curso,01-002-010-001-007-000,S,D
01-002-010-001-007-099,144,(-) Depreciacion Acumulada Inmuebles y Edificios,01-002-010-001-007-000,S,H
01-002-010-001-008-000,145,(-) Depreciacion Acumulada,01-002-010-001-007-000,N,H
01-002-010-001-008-001,146,(-) Depreciacion Acumulada,01-002-010-001-007-000,S,H
01-002-010-003-000-000,147,BIENES FUERA DE OPERACION,01-002-010-000-000-000,N,D
01-002-010-003-001-000,148,Muebles y Equipos en Desuso,01-002-010-003-000-000,S,D
01-002-010-003-020-000,149,Edificios- Construcciones en Proceso,01-002-010-003-000-000,S,D
01-002-020-000-000-000,150,ACTIVOS INTANGIBLES,01-002-000-000-000-000,N,D
01-002-020-001-000-000,151,LICENCIA DE MANUFACTURAS,01-002-020-000-000-000,N,D
01-002-020-001-001-000,152,Licenc. de Manufac.,01-002-020-001-000-000,S,D
01-002-020-001-002-000,153,Llave del Local,01-002-020-001-000-000,S,D
01-002-020-001-003-000,154,Licencia Soft.Informatico,01-002-020-001-000-000,S,D
01-002-020-090-000-000,155,(-) Amortizacion Acumulada,01-002-020-000-000-000,N,H
01-002-020-090-001-000,156,(-) Amortizacion Acumulada,01-002-020-090-000-000,S,H
01-002-030-000-000-000,157,CARGOS DIFERIDOS,01-002-000-000-000-000,N,D
01-002-030-001-000-000,158,GASTOS DE CONSTITUCION,01-002-030-000-000-000,N,D
01-002-030-001-001-000,159,Gastos de Constitucion,01-002-030-001-000-000,S,D
01-002-030-001-002-000,654,Gastos de Reorganizacion,01-002-030-001-000-000,S,D
01-002-030-001-099-000,160,(-) Amortizacion Acumulada,01-002-030-001-000-000,S,H
02-000-000-000-000-000,161,PASIVO Y PATRIMONIO NETO,02-000-000-000-000-000,N,H
02-001-000-000-000-000,162,PASIVO CORRIENTE,02-000-000-000-000-000,N,H
02-001-001-000-000-000,163,CUENTAS A PAGAR,02-001-000-000-000-000,N,H
02-001-001-001-000-000,164,DEUDAS COMERCIALES,02-001-001-000-000-000,N,H
02-001-001-001-001-000,165,Proveedores locales,02-001-001-001-000-000,S,H
02-001-001-001-002-000,166,proveedores locales USD,02-001-001-001-000-000,S,H
02-001-001-001-003-000,167,FACTURA PENDIENTE DE PAGO,02-001-001-001-000-000,S,H
02-001-001-001-004-000,656,Intereses a Pagar a Proveedores,02-001-001-001-000-000,S,H
02-001-001-002-000-000,168,PROVEEDORES DEL EXTERIOR,02-001-001-000-000-000,N,H
02-001-001-002-001-000,169,Proveedores del Exterior USD,02-001-001-002-000-000,S,H
02-001-001-002-002-000,170,Acreedores del Exterior USD,02-001-001-002-000-000,S,H
02-001-001-002-003-000,171,Cartas de Credito a Pagar USD,02-001-001-002-000-000,S,H
02-001-001-003-000-000,172,INTERESES A VENCER,02-001-001-000-000-000,N,H
02-001-001-003-001-000,173,Intereses a Vencer,02-001-001-003-000-000,S,H
02-001-001-004-000-000,174,ACREEDORES VARIOS,02-001-001-000-000-000,N,H
02-001-001-004-001-000,175,Acreedores Varios,02-001-001-004-000-000,S,H
02-001-001-004-002-000,176,Acreedores Varios USD,02-001-001-004-000-000,S,H
02-001-001-004-003-000,177,Remuneracion Pers. Superior a Pagar,02-001-001-004-000-000,S,H
02-001-001-004-004-000,178,Cheques Pendientes,02-001-001-004-000-000,S,H
02-001-005-000-000-000,179,PRESTAMOS FINACIEROS,02-001-000-000-000-000,N,H
02-001-005-001-000-000,180,SOBREGIROS CTA. CTE,02-001-005-000-000-000,N,H
02-001-005-001-001-000,181,Banco Sobregiros Gs,02-001-005-001-000-000,S,H
02-001-005-001-002-000,182,Banco Sobregiros USD,02-001-005-001-000-000,S,H
02-001-005-002-000-000,183,DOCUMENTOS A PAGAR,02-001-005-000-000-000,N,H
02-001-005-002-001-000,184,Documentos a Pagar,02-001-005-002-000-000,S,H
02-001-005-002-002-000,185,Documentos a Pagar USD,02-001-005-002-000-000,S,H
02-001-005-003-000-000,186,PRESTAMOS DE BANCOS,02-001-005-000-000-000,N,H
02-001-005-003-001-000,187,Prestamos Bancarios,02-001-005-003-000-000,S,H
02-001-005-003-002-000,188,Prestamos Bancarios USD,02-001-005-003-000-000,S,H
02-001-005-003-003-000,189,Intereses Bancarios a Pagar,02-001-005-003-000-000,S,H
02-001-005-004-000-000,190,() -INTERESES A DEVENGAR,02-001-005-000-000-000,N,D
02-001-005-004-001-000,191,()-Intereses a Devengar,02-001-005-004-000-000,S,D
02-001-005-004-002-000,192,()-Intereses a devengar USD,02-001-005-004-000-000,S,H
02-001-010-001-000-000,193,PROVISIONES,02-001-010-000-000-000,N,H
02-001-010-001-001-000,645,Direccion General de Recaudaciones,02-001-010-001-000-000,N,H
02-001-010-001-002-000,194,IVA Debito Fiscal,02-001-010-001-000-000,S,H
02-001-010-001-004-000,195,IVA a Pagar,02-001-010-001-000-000,S,H
02-001-010-001-005-000,196,Impuesto a la Renta a Pagar,02-001-010-001-000-000,S,H
02-001-010-001-006-000,197,Anticp.Imp. a la Renta a Pagar,02-001-010-001-000-000,S,H
02-001-010-001-008-000,198,Retención IDU a Pagar,02-001-010-001-000-000,S,H
02-001-010-001-009-000,199,Provisión para Aguinaldos,02-001-010-001-000-000,S,H
02-001-010-001-010-000,200,Fondo de Depreciacion,02-001-010-001-000-000,S,H
02-001-010-001-012-000,201,Fondo para Devolucion,02-001-010-001-000-000,S,H
02-001-010-001-013-000,202,Fondo P/ Hon. Profesional,02-001-010-001-000-000,S,H
02-001-010-004-000-000,203,RETENCIONES DE IMPUESTO,02-001-010-000-000-000,N,H
02-001-010-004-001-000,204,Retenc. imp. a la Renta a Pagar,02-001-010-004-000-000,S,H
02-001-010-005-002-000,205,Aporte IPS a Pagar,02-001-010-005-000-000,S,H
02-001-011-000-000-000,206,OTRAS CUENTAS A PAGAR,02-001-000-000-000-000,N,H
02-001-011-001-000-000,207,SUELDOS Y JORNALES,02-001-011-000-000-000,N,H
02-001-011-001-001-000,208,Sueldos y Jornales a Pagar,02-001-011-001-000-000,S,H
02-001-011-001-002-000,209,Vacaciones a Pagar,02-001-011-001-000-000,S,H
02-001-011-001-003-000,210,Pre-Avisos a Pagar,02-001-011-001-000-000,S,H
02-001-011-001-005-000,211,Indemnizaciones a Pagar,02-001-011-001-000-000,S,H
02-001-011-001-006-000,212,Jornales a Pagar,02-001-011-001-000-000,S,H
02-001-011-002-000-000,213,GASTOS ACUMULADOS A PAGAR,02-001-011-000-000-000,N,H
02-001-011-002-001-000,214,Alquileres a Pagar,02-001-011-002-000-000,S,H
02-001-011-002-002-000,215,Seguros a Pagar,02-001-011-002-000-000,S,H
02-001-011-002-003-000,216,Remuneraciom Pers. Superios a Pagar,02-001-011-002-000-000,S,H
02-001-011-002-004-000,217,Gastos de Importacion a Pagar,02-001-011-002-000-000,S,H
02-001-011-002-005-000,218,Seguros a pagar USD,02-001-011-002-000-000,S,H
02-001-011-002-006-000,219,Honorarios Prof a Pagar,02-001-011-002-000-000,S,H
02-001-011-002-007-000,220,Comisiones a Pagar,02-001-011-002-000-000,S,H
02-001-011-002-008-000,221,Costo de Explotacion a Pagar,02-001-011-002-000-000,S,H
02-001-011-002-009-000,222,Gastos Hipoteca a Pagar,02-001-011-002-000-000,S,H
02-001-011-002-010-000,223,Gratificaciones P/ Result. a Pagar,02-001-011-002-000-000,S,H
02-001-011-002-011-000,224,Gratific. P/ Res. a Director a pagar,02-001-011-002-000-000,S,H
02-001-011-002-012-000,225,Honor. Medicos a Pagar,02-001-011-002-000-000,S,H
02-001-011-002-013-000,226,Gratificaciones a Pagar,02-001-011-002-000-000,S,H
02-001-011-002-014-000,227,Gastos de Consult. a Pagar,02-001-011-002-000-000,S,H
02-001-020-000-000-000,228,OTROS PASIVOS,02-001-000-000-000-000,N,H
02-001-020-001-000-000,229,PRESTAMOS DE TERCEROS,02-001-020-000-000-000,N,H
02-001-020-001-001-000,230,Prestamos de terceros,02-001-020-001-000-000,S,H
02-001-020-001-002-000,231,Prestamos de Terceros USD,02-001-020-001-000-000,S,H
02-001-020-002-000-000,232,ANTICIPO DE CLIENTES,02-001-020-000-000-000,N,H
02-001-020-002-001-000,233,Anticipo de Clientes,02-001-020-002-000-000,S,H
02-001-020-002-002-000,234,Anticipo Clientes USD,02-001-020-002-000-000,S,H
02-001-020-002-003-000,235,Anticipo de Pacientes,02-001-020-002-000-000,S,H
02-001-020-003-000-000,236,DIVIDENDOS A PAGAR,02-001-020-000-000-000,N,H
02-001-020-003-001-000,237,Dividendo a Pagar- Socios,02-001-020-003-000-000,S,H
02-001-020-070-000-000,238,DEPOSITO DE GARANTIAS COBRADAS,02-001-020-000-000-000,N,H
02-001-020-070-001-000,239,Garantia de Alquiler Cobradas,02-001-020-070-000-000,S,H
02-001-040-000-000-000,240,GANANCIAS DIFERIDAS,02-001-000-000-000-000,N,H
02-001-040-001-000-000,241,INGRESOS NO REALIZADOS,02-001-040-000-000-000,N,H
02-001-040-001-001-000,242,Ingresos a Realizar en Futuros Ejercicios,02-001-040-001-000-000,S,H
02-001-040-001-002-000,243,Alquileres Cobrados por Adelantado,02-001-040-001-000-000,S,H
02-001-040-001-003-000,244,Comisiones Cobradas por Adelantado,02-001-040-001-000-000,S,H
02-001-040-002-001-000,246,() -Costos y Gastos Aplicaples a ingreso ne Realizado,02-001-040-002-000-000,S,D
02-001-040-002-003-000,247,Cheques Anulados,02-001-040-002-000-000,S,H
02-002-000-000-000-000,248,PASIVO NO CORRIENTE,02-000-000-000-000-000,N,H
02-002-001-000-000-000,249,PRESTAMOS FINANCIEROS,02-002-000-000-000-000,N,H
02-002-001-001-000-000,250,PRESTAMOS DE BANCOS,02-002-001-000-000-000,N,H
02-002-001-001-001-000,251,Banco Prestamos USD,02-002-001-001-000-000,S,H
02-002-001-001-002-000,252,Préstamos a pagar a Bancos Gs.,02-002-001-001-000-000,S,H
02-002-001-001-003-000,253,cheq. Emitido a Venc.,02-002-001-001-000-000,S,H
02-002-001-001-005-000,255,Cheq Rechazado,02-002-001-001-000-000,S,H
02-002-001-002-000-000,256,PRESTAMOS FINANCIEROS,02-002-001-000-000-000,N,H
02-002-001-003-000-000,257,PRESTAMOS DE COOPERATIVAS,02-002-001-000-000-000,N,H
02-002-001-004-000-000,258,PRESTAMOS OTRAS INSTITUCIONES,02-002-001-000-000-000,N,H
02-002-001-005-000-000,259,INTERESES A DEVENGAR,02-002-001-000-000-000,N,H
02-002-005-000-000-000,262,PROVISIONES,02-002-000-000-000-000,N,H
02-002-005-001-000-000,263,PREVISION INDENIZACION,02-002-005-000-000-000,N,H
02-002-005-001-001-000,264,Indenizaciones a Pagar,02-002-005-001-000-000,N,H
02-002-005-001-002-000,265,Indenizacion Estabilidad Laboral,02-002-005-001-000-000,S,H
02-002-005-001-003-000,266,Preavisos a Pagar,02-002-005-001-000-000,S,H
02-002-005-002-000-000,267,OTRAS CONTINGENCIAS,02-002-005-000-000-000,N,H
02-002-005-002-001-000,268,Otras Contingencias,02-002-005-002-000-000,S,H
02-002-005-003-000-000,269,CUENTAS A PAGAR LARGO PLAZO,02-002-005-000-000-000,N,H
02-002-005-003-001-000,270,Proveedores Cuentas Largo Plazo,02-002-005-003-000-000,S,H
02-002-005-003-002-000,271,Acreedores Cuentas Largo Plazo,02-002-005-003-000-000,S,H
02-002-005-003-003-000,272,Documentos a Pagar Largo Plazo,02-002-005-003-000-000,S,H
02-002-005-003-004-000,273,Servic. Prestad.a Pagar Largo Plazo,02-002-005-003-000-000,S,H
03-000-000-000-000-000,274,PATRIMONIO NETO,03-000-000-000-000-000,N,H
03-003-001-000-000-000,275,CAPITAL,03-003-000-000-000-000,N,H
03-003-001-001-000-000,276,CAPITAL SUSCRIPTO,03-003-001-000-000-000,N,H
03-003-001-001-001-000,277,Capital suscripto,03-003-001-001-000-000,S,H
03-003-001-002-000-000,278,CAPITAL A INTEGRAR,03-003-001-000-000-000,N,D
03-003-001-002-001-000,279,Capital a Integrar,03-003-001-002-000-000,S,D
03-003-001-002-002-000,280,Aporte Aumento Capital,03-003-001-002-000-000,S,H
03-003-001-003-000-000,281,CAPITAL REALIZADO,03-003-001-000-000-000,N,H
03-003-001-003-001-000,282,Capital Realizado,03-003-001-003-000-000,S,H
03-003-001-003-002-000,283,Capital Social,03-003-001-003-000-000,S,H
03-003-001-003-003-000,284,Capital Integrado,03-003-001-003-000-000,S,H
03-003-002-000-000-000,285,RESERVAS,03-003-000-000-000-000,N,H
03-003-002-001-000-000,286,RESERVA LEGAL,03-003-002-000-000-000,N,H
03-003-002-001-001-000,287,Reserva Legal,03-003-002-001-000-000,S,H
03-003-002-002-000-000,288,RESERVA FACULTIVAS,03-003-002-000-000-000,N,H
03-003-002-002-001-000,289,Reserva Facultivas,03-003-002-002-000-000,S,H
03-003-002-002-002-000,290,Fondo de Inversion,03-003-002-002-000-000,S,H
03-003-002-003-000-000,291,RESERVA DE REVALUO,03-003-002-000-000-000,N,H
03-003-002-003-001-000,292,Reserva de Revalúo Fiscal,03-003-002-003-000-000,S,H
03-003-002-003-002-000,657,Reserva de Revalúo de Tecnico,03-003-002-003-000-000,S,H
03-003-002-004-000-000,293,OTRAS RESERVAS,03-003-002-000-000-000,N,H
03-003-002-004-001-000,294,Prima de Emisión,03-003-002-004-000-000,S,H
03-003-003-000-000-000,295,RESULTADOS,03-003-000-000-000-000,N,H
03-003-003-001-000-000,296,RESULTADO ACUMULADOS,03-003-003-000-000-000,N,H
03-003-003-001-001-000,297,Resultado Acumulado,03-003-003-001-000-000,S,H
03-003-003-002-000-000,298,RESULTADOS DEL EJERCICIO,03-003-003-000-000-000,N,H
03-003-003-002-001-000,299,Resultado del ejercicio,03-003-003-002-000-000,S,H
04-000-000-000-000-000,300,INGRESOS,04-000-000-000-000-000,N,H
04-001-000-000-000-000,301,VENTAS NETAS- SECTOR PUBLICO,04-000-000-000-000-000,N,H
04-001-001-000-000-000,302,VENTAS SECTOR PUBLICO,04-001-000-000-000-000,N,H
04-001-001-001-000-000,303,VENTAS MERCADERIAS - SECTOR PUBLICO,04-001-001-000-000-000,N,H
04-001-001-001-001-000,637,VENTAS MERCADERIAS EXENTAS - SECTOR PUBLICO,04-001-001-001-000-000,S,H
04-001-001-001-002-000,638,VENTAS MERCADERIAS GRAVADA - SECTOR PUBLICO,04-001-001-001-000-000,S,H
04-001-002-000-000-000,304,SERVICIO NETOS- SECTOR PUBLICO,04-001-000-000-000-000,N,H
04-001-002-001-000-000,639,VENTAS SERVICIO NETO - SECTOR PUBLICO,04-001-002-000-000-000,N,H
04-001-002-001-001-000,640,Servicios gravadas 10% - sector publico,04-001-002-001-000-000,S,H
04-001-002-001-002-000,641,Honorarios Gravados 10% - sector publico,04-001-002-001-000-000,S,H
04-001-002-001-003-000,642,Comisiones Gravadas 10% - SECTOR PUBLICO,04-001-002-001-000-000,S,H
04-001-002-001-004-000,643,Ventas Serv. Sanator.10% MSPBS - SECTOR PUBLICO,04-001-002-001-000-000,S,H
04-001-002-001-005-000,644,Ventas Medic. 10% - MSPBS - SECTOR PUBLICO,04-001-002-001-000-000,S,H
04-002-000-000-000-000,305,VENTAS NETAS SECTOR PRIVADO,04-000-000-000-000-000,N,H
04-002-001-000-000-000,306,VENTAS NETAS SECTOR PRIVADO,04-002-000-000-000-000,N,H
04-002-001-001-000-000,307,VENTAS DE MERCADERIAS - SECTOR PRIVADO,04-002-001-000-000-000,N,H
04-002-001-001-001-000,308,Ventas mercaderias gravadas 10% - sector privado,04-002-001-001-000-000,S,H
04-002-001-001-002-000,309,Ventas mercaderias Gravadas 5% - SECTOR PRIVADO,04-002-001-001-000-000,S,H
04-002-001-001-003-000,310,Ventas mercaderias Exentas - SECTOR PRIVADO,04-002-001-001-000-000,S,H
04-002-002-000-000-000,311,SERVICIOS NETOS- SP,04-002-000-000-000-000,N,H
04-002-002-001-000-000,312,VENTAS SERVICIOS-SEC. PRIV,04-002-002-000-000-000,N,H
04-002-002-001-001-000,313,Servicios Gravados 10%,04-002-002-001-000-000,S,H
04-002-002-001-001-001,659,Consultas Medicas Sector Privado,04-002-002-001-000-000,S,H
04-002-002-001-001-002,660,Servicios Laboratoriales Sector Privado,04-002-002-001-000-000,S,H
04-002-002-001-001-003,661,SERVICIO DE IMAGENES SECTOR PRIVADO,04-002-002-001-000-000,S,H
04-002-002-001-001-004,662,CHEQUEO ADMISIONAL SECTOR PRIVADO,04-002-002-001-000-000,S,H
04-002-002-001-001-005,663,SERVICIOS SANATORIALES VARIOS SECTOR PRIVADO,04-002-002-001-000-000,S,H
04-002-002-001-001-006,664,Internación,04-002-002-001-000-000,S,H
04-002-002-001-004-000,314,Honorarios Gravados 10%,04-002-002-001-000-000,S,H
04-002-002-001-005-000,315,Alquileres Cobrados,04-002-002-001-000-000,S,H
04-002-002-001-006-000,316,Ventas Servic. Grav.10%,04-002-002-001-000-000,S,H
04-002-002-001-007-000,317,Ventas Medic. Grav. 5%,04-002-002-001-000-000,S,H
04-002-002-001-008-000,318,Ventas Medic. Grav. 10%,04-002-002-001-000-000,S,H
04-002-002-001-009-000,319,Ventas Serv. Sanator.10%,04-002-002-001-000-000,S,H
04-002-002-001-010-000,320,Ventas Serv.Honor. 10%,04-002-002-001-000-000,S,H
04-002-002-001-011-000,321,Ventas Merc. Farmac.10%,04-002-002-001-000-000,S,H
04-002-002-001-012-000,322,Ventas Merc. Farmac. 5%,04-002-002-001-000-000,S,H
04-002-002-001-013-000,323,Ventas Merc. Farmac. Ex.,04-002-002-001-000-000,S,H
04-002-002-001-014-000,324,Ventas Medic. Cirugia 10%,04-002-002-001-000-000,S,H
04-002-002-001-015-000,325,Venta Laboratorio,04-002-002-001-000-000,S,H
04-002-002-001-016-000,326,Ventas de Recet. Medico,04-002-002-001-000-000,S,H
04-002-002-001-017-000,327,Ventas Grav. 10% - Conting.,04-002-002-001-000-000,S,H
04-002-002-001-018-000,328,Ventas Grav. 5%- Conting.,04-002-002-001-000-000,S,H
04-002-002-001-019-000,329,Ventas Exentas- Conting.,04-002-002-001-000-000,S,H
04-002-002-001-020-000,330,Ventas Laborat. - Conting.,04-002-002-001-000-000,S,H
04-002-002-001-021-000,331,Ventas Serv. UTI Adultos 10%,04-002-002-001-000-000,S,H
04-002-002-001-022-000,332,Ventas Serv. UTI Adultos 5%,04-002-002-001-000-000,S,H
04-002-002-001-023-000,333,Ventas Serv. UTI Neonatal 10%,04-002-002-001-000-000,S,H
04-002-002-001-024-000,334,Ventas Serv. UTI Neonatal 5%,04-002-002-001-000-000,S,H
04-002-003-000-000-000,335,EXPORTACIONES NETAS - SECTOR PRIVADO,04-002-000-000-000-000,N,H
04-010-000-000-000-000,336,OTROS INGRESOS,04-000-000-000-000-000,N,H
04-010-001-000-000-000,337,INTERESES GANADOS,04-010-000-000-000-000,N,H
04-010-001-001-000-000,338,INTERESES GANADOS FINANCIEROS,04-010-001-000-000-000,N,H
04-010-001-001-001-000,339,Intereses Ganados - C.D.A.,04-010-001-001-000-000,S,H
04-010-001-001-002-000,340,Intereses Ganados-Caja de Ahorro,04-010-001-001-000-000,S,H
04-010-001-001-003-000,341,Intereses Ganados - Bonos,04-010-001-001-000-000,S,H
04-010-001-001-004-000,342,Intereses Ganados - Fondo Mutuo,04-010-001-001-000-000,S,H
04-010-001-002-000-000,343,INTERESES S/ VENTAS,04-010-001-000-000-000,N,H
04-010-001-002-001-000,344,Intereses Cobrados,04-010-001-002-000-000,S,H
04-010-001-002-002-000,345,Intereses s/ Aporte,04-010-001-002-000-000,S,H
04-010-002-000-000-000,346,OTROS,04-010-000-000-000-000,N,H
04-010-002-001-000-000,347,DESCUENTOS COMERCIALES,04-010-002-000-000-000,N,H
04-010-002-001-001-000,348,Descuento Obtenido 10%,04-010-002-001-000-000,S,H
04-010-002-001-002-000,349,Descuentos Obtenidos 5%,04-010-002-001-000-000,S,H
04-010-002-001-003-000,350,Bonificaciones Obtenidas 10%,04-010-002-001-000-000,S,H
04-010-002-001-004-000,351,Bonificaciones Obtenidas 5%,04-010-002-001-000-000,S,H
04-010-002-001-005-000,352,Descuentos Obtenidos,04-010-002-001-000-000,S,H
04-010-002-002-000-000,353,OTROS INGRESOS,04-010-002-000-000-000,N,H
04-010-002-002-001-000,354,Incobrables Recuperados,04-010-002-002-000-000,S,H
04-010-002-002-002-000,355,Alquileres Cobrados,04-010-002-002-000-000,S,H
04-010-002-002-003-000,356,Ingresos p/ Exp.10%,04-010-002-002-000-000,S,H
04-010-002-002-005-000,357,Ingresos p/ Exp. Alquiler,04-010-002-002-000-000,S,H
04-010-002-002-006-000,358,Ventas de Activo Fijo,04-010-002-002-000-000,S,H
04-010-002-002-007-000,359,Alquiler de Consultorio,04-010-002-002-000-000,S,H
04-010-002-002-008-000,360,Ingreso Expensa 10%,04-010-002-002-000-000,S,H
04-010-002-002-009-000,361,Ingreso comisiones cobradas,04-010-002-002-000-000,S,H
04-010-002-002-010-000,362,Otros Ingresos,04-010-002-002-000-000,S,H
04-010-002-002-011-000,363,Preaviso Cobrado,04-010-002-002-000-000,S,H
04-010-002-002-012-000,364,Seguro Cobrado,04-010-002-002-000-000,S,H
04-010-002-002-013-000,365,Otros Servicios,04-010-002-002-000-000,S,H
04-010-002-002-014-000,366,Comisiones Medicas- Conting.,04-010-002-002-000-000,S,H
04-010-002-002-015-000,367,Otros Ingresos- Conting.,04-010-002-002-000-000,S,H
04-010-002-002-016-000,368,Honorarios Prof. Congreso,04-010-002-002-000-000,S,H
04-030-000-000-000-000,369,PARTIDAS EXTRAORDINARIAS,04-000-000-000-000-000,N,H
04-030-001-000-000-000,370,GANANCIAS EXTRAORDINARIAS,04-030-000-000-000-000,N,H
04-030-001-001-000-000,371,INGRESOS EXTRAORDINARIOS,04-030-001-000-000-000,N,H
04-030-001-001-001-000,372,Utilidad Ventas Activo Fijo,04-030-001-001-000-000,S,H
04-030-001-001-002-000,373,Utilidad Ventas Activos Intangibles,04-030-001-001-000-000,S,H
04-030-001-001-003-000,374,Ganancias p/ Dif de Cambio,04-030-001-001-000-000,S,H
04-030-002-000-000-000,375,AJUSTES EXTRAORDINARIOS,04-030-000-000-000-000,N,H
04-030-002-001-000-000,376,EFECTOS EN LOS PRECIOS CAMBIANTES,04-030-002-000-000-000,N,H
04-030-002-001-001-000,377,Ganancias por Valuaciones de Activo,04-030-002-001-000-000,S,H
04-030-002-001-002-000,378,Ganancias por Valuaciones de Pasivos,04-030-002-001-000-000,S,H
04-030-002-002-000-000,379,AJUSTES DE EJERCICIOS ANTERIORES,04-030-002-000-000-000,N,H
04-030-002-002-001-000,380,Ganancias en Ajustes de Ejercicio Anterior,04-030-002-002-000-000,S,H
05-000-000-000-000-000,381,EGRESOS,05-000-000-000-000-000,N,D
05-001-000-000-000-000,382,COSTOS DE MERCADERIAS,05-000-000-000-000-000,N,D
05-001-001-000-000-000,383,COSTOS DE MERCADERIAS - SECTOR PUBLICO,05-001-000-000-000-000,N,D
05-001-002-000-000-000,384,COSTOS DE MERCADERIAS- SECTOR PRIVADO,05-001-000-000-000-000,N,D
05-001-002-001-000-000,385,COSTOS DE MERCADERIAS,05-001-002-000-000-000,N,D
05-001-002-001-001-000,386,Costo de Venta Gravad. 10%,05-001-002-001-000-000,S,D
05-001-002-001-002-000,387,Costo de Venta Gravad 5%,05-001-002-001-000-000,S,D
05-001-002-001-003-000,388,Costo de Venta Exentas,05-001-002-001-000-000,S,D
05-001-002-001-006-000,389,Costo Medic. 5%,05-001-002-001-000-000,S,D
05-001-002-001-007-000,390,Costo Medic. 10%,05-001-002-001-000-000,S,D
05-001-002-001-008-000,391,Costo de Merc. Farm 10%,05-001-002-001-000-000,S,D
05-001-002-001-009-000,392,Costo de Merc. Farm 5%,05-001-002-001-000-000,S,D
05-001-002-001-010-000,393,Costo de Merc. Farm. Ex.,05-001-002-001-000-000,S,H
05-001-002-001-011-000,394,Costos de ventas insumos,05-001-002-001-000-000,S,D
05-001-002-002-000-000,395,COSTOS DE SERVICIOS,05-001-002-000-000-000,N,D
05-001-002-002-001-000,396,Costo de Ventas- Servicios,05-001-002-002-000-000,S,D
05-001-002-002-002-000,397,Costo de Explotacion,05-001-002-002-000-000,S,D
05-001-002-002-003-000,398,Otros Costos de Ventas,05-001-002-002-000-000,S,D
05-001-002-002-004-000,399,Otros Costos-Honor.Medicos,05-001-002-002-000-000,S,D
05-001-002-002-005-000,400,Otros Costos-Honor.Enferm.,05-001-002-002-000-000,S,D
05-001-002-002-006-000,401,Otros Costos-Laboratorio,05-001-002-002-000-000,S,D
05-001-002-002-007-000,402,Otros Costos-Mat. Quirurgicos,05-001-002-002-000-000,S,D
05-001-002-002-008-000,403,Otros Costos- GND,05-001-002-002-000-000,S,D
05-001-002-002-009-000,404,OTROS COSTOS G.N.D.,05-001-002-002-000-000,S,D
05-001-002-002-011-000,405,Otros Costos - Honor. Nutricion.,05-001-002-002-000-000,S,D
05-001-002-002-012-000,406,Otros Costos - Honor. Regencia,05-001-002-002-000-000,S,D
05-001-002-002-013-000,407,Otros Costos - Honor. Fisioter.,05-001-002-002-000-000,S,D
05-001-002-002-014-000,408,Otros Costos- Descart. Cirugia,05-001-002-002-000-000,S,D
05-001-002-002-015-000,409,Otros Costos - Honor. UTI Adultos,05-001-002-002-000-000,S,D
05-001-002-002-016-000,410,Otros Costos - Honor. UTI Neonatal,05-001-002-002-000-000,S,D
05-001-002-002-017-000,411,Otros Costos Hemodialisis,05-001-002-002-000-000,S,D
05-001-002-002-018-000,412,Costo Serv. UTI-Adulto,05-001-002-002-000-000,S,D
05-001-002-002-019-000,413,Costo Serv. UTI-Neonatal,05-001-002-002-000-000,S,D
05-001-002-002-020-000,414,Otros Costos - Consumicion Internados,05-001-002-002-000-000,S,D
05-001-002-002-021-000,415,Otros Costos - Serv. Imagenes,05-001-002-002-000-000,S,D
05-001-002-002-022-000,416,Otros Costos - Honorarios Odontologia,05-001-002-002-000-000,S,D
05-001-002-002-023-000,417,Costo de Ventas - Servicios G.N.D.,05-001-002-002-000-000,S,D
05-001-002-004-000-000,418,DESCUENTOS. BONF. Y DEVOLUCIONES,05-001-002-000-000-000,N,D
05-001-002-004-001-000,419,Descuentos Concedidos 10 %,05-001-002-004-000-000,S,D
05-001-002-004-002-000,420,Descuentos Concedidos 5%,05-001-002-004-000-000,S,H
05-001-002-004-003-000,421,Descuentos Concedidos,05-001-002-004-000-000,S,D
05-001-002-004-004-000,422,Bonificaciones Concedidas,05-001-002-004-000-000,S,H
05-010-000-000-000-000,423,EGRESOS OPERACIONALES,05-000-000-000-000-000,N,D
05-011-000-000-000-000,424,GASTOS OPERACIONALES,05-000-000-000-000-000,N,D
05-011-001-000-000-000,425,GASTOS OPERATIVOS,05-011-000-000-000-000,N,D
05-011-001-001-000-000,426,GASTOS DEL PERSONAL,05-011-001-000-000-000,N,D
05-011-001-001-001-000,427,Sueldos y Jornales Administ.,05-011-001-001-000-000,S,D
05-011-001-001-002-000,428,Vacaciones,05-011-001-001-000-000,S,D
05-011-001-001-003-000,429,Aguinaldos,05-011-001-001-000-000,S,D
05-011-001-001-004-000,430,Bonificaciones Pagadas,05-011-001-001-000-000,S,D
05-011-001-001-005-000,431,Indemnizaciones Pagadas,05-011-001-001-000-000,S,D
05-011-001-001-006-000,432,Preavisos Pagados,05-011-001-001-000-000,S,D
05-011-001-001-007-000,433,Gratificaciones Pagadas,05-011-001-001-000-000,S,D
05-011-001-001-008-000,434,Sueldos y Jornales GND,05-011-001-001-000-000,S,D
05-011-001-001-009-000,435,Aguinaldos G.N.D.,05-011-001-001-000-000,S,D
05-011-001-001-010-000,436,Vacaciones G.N.D.,05-011-001-001-000-000,S,D
05-011-001-001-011-000,437,Servicios Pagados,05-011-001-001-000-000,S,D
05-011-001-001-012-000,438,Indemnizaciones Pagadas G.N.D.,05-011-001-001-000-000,S,D
05-011-001-001-013-000,439,Sueldos y Jornales - Enfermeria,05-011-001-001-000-000,S,D
05-011-001-001-014-000,440,Preavisos Pag. G.N.D.,05-011-001-001-000-000,S,D
05-011-001-001-015-000,441,Vacaciones Proporc.,05-011-001-001-000-000,S,D
05-011-001-001-016-000,442,Aguinaldo Proporc.,05-011-001-001-000-000,S,D
05-011-001-001-017-000,443,Bonific. Familiar,05-011-001-001-000-000,S,D
05-011-001-001-018-000,444,Sueldos y Jornales - Lavanderia,05-011-001-001-000-000,S,D
05-011-001-001-019-000,445,Bonif. ART. 134 - LEY 213/93,05-011-001-001-000-000,S,D
05-011-001-001-020-000,446,Sueldos y Jornales - Enfermeria UTI,05-011-001-001-000-000,S,D
05-011-001-001-021-000,447,Gratificacion P/Resultado Supervision,05-011-001-001-000-000,S,D
05-011-001-002-000-000,448,CARGAS SOCIALES,05-011-001-000-000-000,N,D
05-011-001-002-001-000,449,Aporte Patronal IPS,05-011-001-002-000-000,S,D
05-011-001-003-003-000,450,"Agua, Luz y Telefono",05-011-001-002-000-000,S,D
05-012-000-000-000-000,451,GASTOS DE COMERCIALIZACION,05-000-000-000-000-000,N,D
05-012-001-000-000-000,452,GASTOS DE DISTRIBUCION Y VENTAS,05-012-000-000-000-000,N,D
05-012-001-001-000-000,453,GASTOS DE VENTAS,05-012-001-000-000-000,N,D
05-012-001-001-001-000,454,Publicidad y Propaganda,05-012-001-001-000-000,S,D
05-012-001-001-002-000,456,Fletes Pagados,05-012-001-001-000-000,S,D
05-012-001-001-003-000,457,Comision s/Ventas Pag.,05-012-001-001-000-000,S,D
05-012-001-001-004-000,458,Impresiones y Formularios,05-012-001-001-000-000,S,D
05-012-001-001-005-000,459,Gastos de Representacion,05-012-001-001-000-000,S,D
05-012-001-001-006-000,460,Gastos de Importacion,05-012-001-001-000-000,S,D
05-012-001-001-007-000,461,IVA Costo,05-012-001-001-000-000,S,D
05-012-001-001-008-000,462,IVA Gasto,05-012-001-001-000-000,S,D
05-012-001-001-009-000,463,Comis. Pagadas Bancard,05-012-001-001-000-000,S,D
05-012-001-001-010-000,464,Devolucion IPS,05-012-001-001-000-000,S,D
05-012-001-001-011-000,455,Publicidad y Propaganda G.N.D.,05-012-001-001-000-000,S,D
05-012-001-001-011-008,465,Iva G.N.D,00-000-000-000-000-000,S,D
05-012-001-001-013-000,466,Comisiones Intermed. Bonos,05-012-001-001-000-000,S,D
05-012-001-001-014-000,467,Comisiones Pagadas.,05-012-001-001-000-000,S,D
05-012-001-001-099-000,468,Gastos Varios de Ventas,05-012-001-001-000-000,S,D
05-012-001-002-000-000,469,Gastos de Consumición,05-012-001-000-000-000,S,D
05-012-001-002-001-000,470,Gastos Unimed,05-012-001-002-000-000,S,D
05-013-000-000-000-000,471,GASTOS DE ADMINISTRACION,05-000-000-000-000-000,N,D
05-013-001-000-000-000,472,GASTOS GENERALES,05-013-000-000-000-000,N,D
05-013-001-001-000-000,473,HONORARIOS PROFESIONALES,05-013-001-000-000-000,N,D
05-013-001-001-001-000,474,Honorarios Profesionales,05-013-001-001-000-000,S,D
05-013-001-001-002-000,475,Honorarios Profesionales-Abogado,05-013-001-001-000-000,S,D
05-013-001-001-003-000,476,Honorarios Profesionales-Auditor,05-013-001-001-000-000,S,D
05-013-001-001-004-000,477,Honorarios Profesionales-RRHH.,05-013-001-001-000-000,S,D
05-013-001-001-005-000,478,Honorarios Profesionales - Administrador,05-013-001-001-000-000,S,D
05-013-001-001-006-000,479,Remuneración Alta Gerencia,05-013-001-001-000-000,S,D
05-013-001-001-007-000,480,Honorarios Profesionales - Síndico,05-013-001-001-000-000,S,D
05-013-001-001-008-000,481,Honor. Prof. Coord. Médico,05-013-001-001-000-000,S,D
05-013-001-001-009-000,482,Honor. Prof. Direc. Médico,05-013-001-001-000-000,S,D
05-013-001-001-010-000,483,Honorarios Profesionales-Contador,05-013-001-001-000-000,S,D
05-013-001-001-011-000,484,Honorarios Prof. Informatico,05-013-001-001-000-000,S,D
05-013-001-001-012-000,485,Honorarios Profesionales - Nutricionista,05-013-001-001-000-000,S,D
05-013-001-001-013-000,486,Honorarios Profesionales - Regencia,05-013-001-001-000-000,S,D
05-013-001-001-014-000,487,Honorarios Prof. - Fideicomiso,05-013-001-001-000-000,S,D
05-013-001-002-000-000,488,REMUNERACION Y DIETAS,05-013-001-000-000-000,N,D
05-013-001-002-002-000,489,Remuneracion Pers.Superior,05-013-001-002-000-000,S,D
05-013-001-002-003-000,490,Remuneracion Sindico,05-013-001-002-000-000,S,D
05-013-001-002-004-000,491,Remuneracion al Pers. Super. GND.,05-013-001-002-000-000,S,D
05-013-001-002-005-000,492,Remuneración - Dietas,05-013-001-002-000-000,S,D
05-013-001-002-006-000,493,Gratificacion P/ Resultado CEO,05-013-001-002-000-000,S,D
05-013-001-002-007-000,494,Gratificacion P/ Resultado a Direc,05-013-001-002-000-000,S,D
05-013-001-003-000-000,495,GASTOS DE OFICINA Y SERVICIOS,05-013-001-000-000-000,N,D
05-013-001-003-001-000,496,Papeleria y Utiles,05-013-001-003-000-000,S,D
05-013-001-003-002-000,497,Impresiones y Formularios,05-013-001-003-000-000,S,D
05-013-001-003-003-000,498,Gasto de Lavanderia,05-013-001-003-000-000,S,D
05-013-001-003-004-000,499,Gastos Serv. Limpieza,05-013-001-003-000-000,S,D
05-013-001-003-005-000,500,Gastos Recolección Basura,05-013-001-003-000-000,S,D
05-013-001-003-006-000,501,Gastos Recolec. Basura Patol.,05-013-001-003-000-000,S,D
05-013-001-003-007-000,502,Gastos de Informatica,05-013-001-003-000-000,S,D
05-013-001-003-008-000,647,Gastos de Servicios Contratados,05-013-001-003-000-000,S,D
05-013-001-004-000-000,503,ALQUILERES PAGADOS,05-013-001-000-000-000,N,D
05-013-001-004-001-000,504,Alquileres Pagados-Rodados,05-013-001-004-000-000,S,D
05-013-001-004-002-000,505,Alquileres Pagados-Muebles,05-013-001-004-000-000,S,D
05-013-001-004-005-000,506,Gastos Serv. Limpieza,05-013-001-004-000-000,S,D
05-013-001-004-008-000,507,Alquileres Pagados,05-013-001-004-000-000,S,D
05-013-001-004-011-000,508,Alquiler de Equipos,05-013-001-004-000-000,S,D
05-013-001-004-013-000,509,Alquiler de Deposito,05-013-001-004-000-000,S,D
05-013-001-005-000-000,510,GASTOS A FAVOR FUNCIONARIOS,05-013-001-000-000-000,N,D
05-013-001-005-001-000,511,Gastos de Capacitacion (Funcionarios),05-013-001-005-000-000,S,D
05-013-001-005-002-000,512,Gastos de Uniformes,05-013-001-005-000-000,S,D
05-013-001-005-003-000,513,Gastos de Consumicion (Funcionarios),05-013-001-005-000-000,S,D
05-013-001-005-004-000,514,Seguros Medico Privado,05-013-001-005-000-000,S,D
05-013-001-005-005-000,515,Gastos de Refrigerio,05-013-001-005-000-000,S,D
05-013-001-005-006-000,516,Gastos Exám. Médicos,05-013-001-005-000-000,S,D
05-013-001-005-007-000,517,Gastos Uniformes - Quirofano/UTI,05-013-001-005-000-000,S,D
05-013-001-006-000-000,518,MOVILIDAD Y VIATICO,05-013-001-000-000-000,N,D
05-013-001-006-001-000,519,Gastos Viaticos,05-013-001-006-000-000,S,D
05-013-001-006-002-000,520,Gastos Hospedajes,05-013-001-006-000-000,S,D
05-013-001-006-003-000,521,Gastos de Representacion,05-013-001-006-000-000,S,D
05-013-001-006-004-000,522,Gastos de Movilidad,05-013-001-006-000-000,S,D
05-013-001-006-005-000,523,Gastos de Movilidad G.N.D.,05-013-001-006-000-000,S,D
05-013-001-007-000-000,524,"IMPUESTOS, PATENTES Y TASAS",05-013-001-000-000-000,N,D
05-013-001-007-001-000,525,"Patentes, Tasas e Impuestos",05-013-001-007-000-000,S,D
05-013-001-007-002-000,526,Impuesto Inmobiliario,05-013-001-007-000-000,S,D
05-013-001-008-000-000,527,REPARACION Y MANTENIMIENTO,05-013-001-000-000-000,N,D
05-013-001-008-001-000,528,Rep. y Mant.-Rodados,05-013-001-008-000-000,S,D
05-013-001-008-002-000,529,Rep. y Mant.-Muebles,05-013-001-008-000-000,S,D
05-013-001-008-003-000,530,Rep. y Mant.- Instalaciones,05-013-001-008-000-000,S,D
05-013-001-008-004-000,531,Rep. y Mant. Mueb. y Equipos,05-013-001-008-000-000,S,D
05-013-001-008-005-000,532,Rep. y Mant. Maquinaria,05-013-001-008-000-000,S,D
05-013-001-008-007-000,533,Manten. y Mejoras-Inmuebles,05-013-001-008-000-000,S,D
05-013-001-008-009-000,534,Rep. y Mantenimientos Varios,05-013-001-008-000-000,S,D
05-013-001-008-010-000,535,Rep. y Manten. de Edif.,05-013-001-008-000-000,S,D
05-013-001-008-011-000,536,Rep. y Manten. Ascensor,05-013-001-008-000-000,S,D
05-013-001-008-012-000,537,Rep. y Mant. Eq. Sanatoriales,05-013-001-008-000-000,S,D
05-013-001-008-013-000,538,Manten. Software,05-013-001-008-000-000,S,D
05-013-001-008-014-000,650,REPARACION Y MANTENIMIENTO DE GENERADOR,05-013-001-008-000-000,S,D
05-013-001-009-000-000,539,DONACIONES,05-013-001-000-000-000,N,D
05-013-001-009-001-000,540,Donaciones-C.B.V.,05-013-001-009-000-000,S,D
05-013-001-009-002-000,541,Donaciones M.S.P.y B.S.,05-013-001-009-000-000,S,D
05-013-001-009-003-000,542,Donaciones,05-013-001-009-000-000,S,D
05-013-001-020-000-000,543,GASTOS ADM. VARIOS,05-000-000-000-000-000,N,D
05-013-001-020-001-000,544,Combustibles y Lubricantes,05-013-001-020-000-000,S,D
05-013-001-020-002-000,545,Seguros Pagados,05-013-001-020-000-000,S,D
05-013-001-020-003-000,546,Servicios de Vigilancia,05-013-001-020-000-000,S,D
05-013-001-020-004-000,547,Multas y Recargos,05-013-001-020-000-000,S,D
05-013-001-020-005-000,548,Gastos de Organizacion,05-013-001-020-000-000,S,D
05-013-001-020-006-000,549,Gastos de Escribania,05-013-001-020-000-000,S,D
05-013-001-020-007-000,550,Gastos de Esterilizacion,05-013-001-020-000-000,S,D
05-013-001-020-008-000,551,Gastos Generales G.N.D,05-013-001-020-000-000,S,D
05-013-001-020-009-000,552,Tasa Ministerio de Salud,05-013-001-020-000-000,S,D
05-013-001-020-010-000,553,Gastos Plan de Telefonia,05-013-001-020-000-000,S,D
05-013-001-020-011-000,554,Gastos de Energia Elec.,05-013-001-020-000-000,S,D
05-013-001-020-012-000,555,Gastos de Internet,05-013-001-020-000-000,S,D
05-013-001-020-013-000,556,Gastos de TV Cable,05-013-001-020-000-000,S,D
05-013-001-020-014-000,557,Gastos de Agua,05-013-001-020-000-000,S,D
05-013-001-020-015-000,558,Intereses Pagados,05-013-001-020-000-000,S,D
05-013-001-020-016-000,559,Gastos Fiesta Fin de Año,05-013-001-020-000-000,S,D
05-013-001-020-017-000,560,Gastos MTESS G.N.D.,05-013-001-020-000-000,S,D
05-013-001-020-018-000,561,Gastos de Fumigación,05-013-001-020-000-000,S,D
05-013-001-020-019-000,562,Gastos - Eventos,05-013-001-020-000-000,S,D
05-013-001-020-020-000,563,Gastos de Desague,05-013-001-020-000-000,S,D
05-013-001-020-021-000,564,Servicios de Ambulancias,05-013-001-020-000-000,S,D
05-013-001-020-022-000,565,Gastos de Extintor,05-013-001-020-000-000,S,D
05-013-001-020-024-000,566,Gastos de Hipoteca,05-013-001-020-000-000,S,D
05-013-001-020-025-000,567,Gastos Prosegur,05-013-001-020-000-000,S,D
05-013-001-020-026-000,568,Gastos Dominio Web,05-013-001-020-000-000,S,D
05-013-001-020-027-000,569,Servicios de Seguridad,05-013-001-020-000-000,S,D
05-013-001-020-028-000,570,Gastos Act. Software,05-013-001-020-000-000,S,D
05-013-001-020-029-000,571,Gastos M.T.E.S.S.,05-013-001-020-000-000,S,D
05-013-001-020-030-000,572,Envíos y Encomiendas,05-013-001-020-000-000,S,D
05-013-001-020-031-000,573,Gastos Generales,05-013-001-020-000-000,S,D
05-013-001-020-032-000,574,Gastos - Informconf,05-013-001-020-000-000,S,D
05-013-001-020-033-000,575,Devolucion a Cliente,05-013-001-020-000-000,S,D
05-013-001-020-034-000,576,Honorarios Profesional- Prov.,05-013-001-020-000-000,S,D
05-013-001-020-035-000,577,Honorarios Exp. Congreso,05-013-001-020-000-000,S,D
05-013-001-020-036-000,578,Gastos de Ferreteria,05-013-001-020-000-000,S,D
05-013-001-020-038-000,583,Servicios Prestados,05-013-001-020-000-000,S,D
05-013-001-020-039-000,580,Gastos Sociales,05-013-001-020-000-000,S,D
05-013-001-020-040-000,581,Gastos de Promoción,05-013-001-020-000-000,S,D
05-013-001-020-041-000,582,Gastos de Personal,05-013-001-020-000-000,S,D
05-013-001-020-043-000,584,Gastos de Capacitación,05-013-001-020-000-000,S,D
05-013-001-020-044-000,585,Gastos de Carteleria,05-013-001-020-000-000,S,D
05-013-001-020-045-000,586,Gastos de Capacitación Gerencial y Directorio,05-013-001-020-000-000,S,D
05-013-001-020-046-000,587,Utiles Hospitalario,05-013-001-020-000-000,S,D
05-013-001-020-047-000,588,Gasto Dia del Trabajador,05-013-001-020-000-000,S,D
05-013-001-020-048-000,589,Gastos de Inauguración,05-013-001-020-000-000,S,D
05-013-001-020-049-000,590,Gastos de Catering,05-013-001-020-000-000,S,D
05-013-001-020-050-000,591,Gastos de Enseres de Cocina,05-013-001-020-000-000,S,D
05-013-002-000-000-000,592,DEPRECIACIONES Y AMORTIZACIONES,05-013-000-000-000-000,N,D
05-013-002-001-000-000,593,DEPRECIACIONES,05-013-002-000-000-000,S,D
05-013-002-001-001-000,594,Depreciacion Muebles,05-013-002-001-000-000,S,D
05-013-002-001-099-000,595,Depreciacion del Ejercicio,05-013-002-000-000-000,S,D
05-013-002-002-000-000,596,AMORTIZACIONES,05-013-002-000-000-000,N,D
05-013-002-002-001-000,604,Amortizaciones Dto. Constitucion,05-013-002-002-000-000,S,D
05-013-002-002-002-000,646,Depreciacion GND,05-013-002-002-000-000,S,D
05-013-002-002-099-000,605,Amortizacion del Ejercicio,05-013-002-002-000-000,S,D
05-020-000-000-000-000,597,OTROS EGRESOS,05-000-000-000-000-000,N,D
05-020-001-000-000-000,598,GASTOS NO OPERATIVOS,05-020-000-000-000-000,N,D
05-020-001-001-000-000,599,GASTOS VARIOS,05-020-001-000-000-000,N,D
05-020-001-001-001-000,600,Gastos de Produccion,05-020-001-001-000-000,S,D
05-020-011-000-000-000,601,GASTOS FINANCIEROS,05-020-000-000-000-000,N,D
05-020-011-001-000-000,602,GASTOS BANCARIOS,05-020-011-000-000-000,N,D
05-020-011-001-001-000,603,Gastos Servic. Bancarios,05-020-011-001-000-000,S,D
05-020-011-001-002-000,606,Comisiones Bancarias,05-020-011-001-000-000,S,D
05-020-011-001-003-000,607,Intereses Bancarios,05-020-011-001-000-000,S,D
05-020-011-001-004-000,608,Intereses Pagados,05-020-011-001-000-000,S,D
05-020-011-001-005-000,609,Intereses Pag. GND,05-020-011-001-000-000,S,D
05-020-011-001-006-000,610,Gastos Adm. Fondo Mutuo - Cadiem,05-020-011-001-000-000,S,D
05-020-011-001-007-000,611,Comisiones y Gastos Bancarios,05-020-011-001-000-000,S,D
05-020-050-000-000-000,612,IMPUESTOS Y RESERVAS,05-020-000-000-000-000,N,D
05-020-050-001-000-000,613,IMPUESTO A LA RENTA,05-020-050-000-000-000,N,D
05-020-050-001-001-000,614,Impuesto a la Renta del Ejercicio,05-020-050-001-000-000,S,D
05-020-050-001-002-000,615,Impuesto a la Renta IMGRO,05-020-050-001-000-000,S,D
05-020-050-001-003-000,616,Imp. a la Renta T. AD. A Pagar,05-020-050-001-000-000,S,H
05-020-050-001-004-000,617,Imp.Inmob. a Pagar,05-020-050-001-000-000,S,H
05-020-050-002-000-000,618,RETENCIONES IMPUESTOS,05-020-050-000-000-000,N,D
05-020-050-002-001-000,619,Retenciones Impuesto a la Renta GND,05-020-050-002-000-000,S,D
05-020-050-002-002-000,620,Retencio IVA GND,05-020-050-002-000-000,S,D
05-020-050-003-000-000,621,RESERVAS,05-020-050-000-000-000,N,D
05-020-050-003-001-000,622,Reserva Legal del Ejercicio,05-020-050-003-000-000,S,D
05-030-000-000-000-000,623,PARTIDAS EXTRAORDINARIAS,05-000-000-000-000-000,N,D
05-030-001-000-000-000,624,GASTOS EXTRAORDINARIOS,05-030-000-000-000-000,N,D
05-030-001-001-000-000,625,PERDIDAS EXTRAORDINARIAS,05-030-001-000-000-000,N,D
05-030-001-001-001-000,626,Perdida Ventas Activo Fijo,05-030-001-001-000-000,S,D
05-030-001-001-002-000,627,Perdidas por Baja de Activo Fijo,05-030-001-001-000-000,S,D
05-030-001-001-003-000,628,Creditos Incobrables,05-030-001-001-000-000,S,D
05-030-001-001-004-000,629,Perdidas p/ Dif. de Cambio,05-030-001-001-000-000,S,D
05-030-001-010-001-000,630,Pago Exceso,05-030-001-010-000-000,S,D
05-030-001-010-005-000,631,Perdida p/ Baja de Inventario,05-030-001-010-000-000,S,D
05-030-010-000-000-000,632,AJUSTES EN LOS PRECIOS DE CAMBIO,05-030-000-000-000-000,N,D
05-030-010-001-001-000,633,Perdidas por Valuacion de Activos,05-030-010-001-000-000,S,D
05-030-010-001-002-000,634,Perdida por Valuacion de Pasivos,05-030-010-001-000-000,S,D
05-030-010-002-000-000,635,AJUSTES DE EJERCICIOS ANTERIORES,05-030-010-000-000-000,N,D
05-030-010-002-001-000,636,Perdida por ajuste de Ejercicios Anteriores,05-030-010-002-000-000,S,D
